Label,DEPTH,Plot,Rainfall,Interval,Sample_mass,SandMasswBag,Dryingbagmass,Drymasswbag,D_bagMasswSand,DrySandMass,TotalBagwSandMass,Date,Time,Datetime,Wmass,Dmass,Moist
0Q12,0,12,10,1,4.68,2.31,1.3,3.24,1.33,0.03,2.34,7/30/22,18:00:00,7/30/22 18:00,2.34,1.91,22.51308901
1Q8,1,8,10,6,NA,NA,NA,NA,NA,NA,NA,8/1/22,0:00:00,8/1/22 0:00,#VALUE!,#VALUE!,#VALUE!
1Q15,1,15,0,6,NA,NA,NA,NA,NA,NA,NA,8/1/22,0:00:00,8/1/22 0:00,#VALUE!,#VALUE!,#VALUE!
3Q8,3,8,10,6,6.17,2.87,1.31,3.02,1.61,0.3,3.17,8/1/22,0:00:00,8/1/22 0:00,3,1.41,112.7659574
1Q15,1,15,0,5,4.5,2.43,1.3,2.28,1.3,0,2.43,7/31/22,18:00:00,7/31/22 18:00,2.07,0.98,111.2244898
3Q12,3,12,10,6,8.07,3.49,1.34,4.35,2.88,1.54,5.03,8/1/22,0:00:00,8/1/22 0:00,3.04,1.47,106.8027211
1Q10,1,10,5,5,7.79,3.74,1.27,3.24,1.27,0,3.74,7/31/22,18:00:00,7/31/22 18:00,4.05,1.97,105.5837563
1Q2,1,2,5,3,5.82,2,1.21,3.35,1.52,0.31,2.31,7/31/22,6:00:00,7/31/22 6:00,3.51,1.83,91.80327869
1Q12,1,12,10,5,12.31,5.31,1.34,6.51,4.07,2.73,8.04,7/31/22,18:00:00,7/31/22 18:00,4.27,2.44,75
1Q12,1,12,10,3,9.18,4.15,1.32,4.74,2.54,1.22,5.37,7/31/22,6:00:00,7/31/22 6:00,3.81,2.2,73.18181818
3Q13,3,13,10,3,10.25,4.62,1.3,5.43,3.31,2.01,6.63,7/31/22,6:00:00,7/31/22 6:00,3.62,2.12,70.75471698
3Q13,3,13,10,6,7.19,3.22,1.3,4,2.2,0.9,4.12,8/1/22,0:00:00,8/1/22 0:00,3.07,1.8,70.55555556
3Q12,3,12,10,6,9.28,3.58,1.3,5.22,2.65,1.35,4.93,8/1/22,0:00:00,8/1/22 0:00,4.35,2.57,69.26070039
1Q4,1,4,10,5,10.66,4.8,1.27,5.7,3.62,2.35,7.15,7/31/22,18:00:00,7/31/22 18:00,3.51,2.08,68.75
1Q3,1,3,10,6,7.69,3.21,1.35,4.29,2.04,0.69,3.9,8/1/22,0:00:00,8/1/22 0:00,3.79,2.25,68.44444444
3Q3,3,3,10,6,12.09,7.61,1.34,4.4,2.3,0.96,8.57,8/1/22,0:00:00,8/1/22 0:00,3.52,2.1,67.61904762
3Q8,3,8,10,6,6.5,2.64,1.35,3.78,1.64,0.29,2.93,8/1/22,0:00:00,8/1/22 0:00,3.57,2.14,66.82242991
1Q3,1,3,10,5,8.95,2.96,1.28,5.93,3.89,2.61,5.57,7/31/22,18:00:00,7/31/22 18:00,3.38,2.04,65.68627451
3Q13,3,13,10,7,10.64,5.64,1.3,4.92,2.78,1.48,7.12,8/1/22,6:00:00,8/1/22 6:00,3.52,2.14,64.48598131
1Q4,1,4,10,4,11.84,6.68,1.29,4.74,2.04,0.75,7.43,7/31/22,12:00:00,7/31/22 12:00,4.41,2.7,63.33333333
3Q4,3,4,10,6,5.66,2.47,1.34,3.46,1.77,0.43,2.9,8/1/22,0:00:00,8/1/22 0:00,2.76,1.69,63.31360947
1Q13,1,13,10,4,10.72,5.25,1.33,4.99,2.12,0.79,6.04,7/31/22,12:00:00,7/31/22 12:00,4.68,2.87,63.06620209
1Q3,1,3,10,4,7.98,4.43,1.29,3.64,1.73,0.44,4.87,7/31/22,12:00:00,7/31/22 12:00,3.11,1.91,62.82722513
1Q6,1,6,5,5,8.01,2.86,1.28,5.13,3.03,1.75,4.61,7/31/22,18:00:00,7/31/22 18:00,3.4,2.1,61.9047619
1Q14,1,14,5,3,10.23,4.83,1.3,5.4,3.3,2,6.83,7/31/22,6:00:00,7/31/22 6:00,3.4,2.1,61.9047619
1Q5,1,5,0,3,5.69,2.71,1.26,3.12,1.29,0.03,2.74,7/31/22,6:00:00,7/31/22 6:00,2.95,1.83,61.20218579
1Q13,1,13,10,6,8.18,3.3,1.3,4.6,2.01,0.71,4.01,8/1/22,0:00:00,8/1/22 0:00,4.17,2.59,61.003861
3Q13,3,13,10,6,9.23,4.5,1.32,4.44,1.78,0.46,4.96,8/1/22,0:00:00,8/1/22 0:00,4.27,2.66,60.52631579
3Q14,3,14,5,3,15.09,8.89,1.26,6.09,3.79,2.53,11.42,7/31/22,6:00:00,7/31/22 6:00,3.67,2.3,59.56521739
1Q3,1,3,10,3,10.64,4.26,1.32,6.09,3.38,2.06,6.32,7/31/22,6:00:00,7/31/22 6:00,4.32,2.71,59.4095941
1Q12,1,12,10,6,7.72,2.94,1.3,4.43,1.64,0.34,3.28,8/1/22,0:00:00,8/1/22 0:00,4.44,2.79,59.13978495
3Q8,3,8,10,3,9.09,4.35,1.29,4.85,2.84,1.55,5.9,7/31/22,6:00:00,7/31/22 6:00,3.19,2.01,58.70646766
3Q10,3,10,5,5,7.09,2.94,1.3,4.29,2.29,0.99,3.93,7/31/22,18:00:00,7/31/22 18:00,3.16,2,58
1Q12,1,12,10,6,6.78,2.85,1.31,4.01,1.88,0.57,3.42,8/1/22,0:00:00,8/1/22 0:00,3.36,2.13,57.74647887
3Q12,3,12,10,5,8.62,3.69,1.33,5.08,3.02,1.69,5.38,7/31/22,18:00:00,7/31/22 18:00,3.24,2.06,57.2815534
3Q12,3,12,10,4,8.01,4.06,1.3,4.05,1.95,0.65,4.71,7/31/22,12:00:00,7/31/22 12:00,3.3,2.1,57.14285714
1Q12,1,12,10,7,9.57,4.94,1.29,4.55,2.15,0.86,5.8,8/1/22,6:00:00,8/1/22 6:00,3.77,2.4,57.08333333
1Q8,1,8,10,6,8.11,3.27,1.3,4.72,2.23,0.93,4.2,8/1/22,0:00:00,8/1/22 0:00,3.91,2.49,57.02811245
3Q4,3,4,10,4,10.07,6.31,1.3,3.91,1.86,0.56,6.87,7/31/22,12:00:00,7/31/22 12:00,3.2,2.05,56.09756098
1Q13,1,13,10,6,8.6,4.92,1.33,3.81,1.66,0.33,5.25,8/1/22,0:00:00,8/1/22 0:00,3.35,2.15,55.81395349
3Q1,3,1,0,7,6.36,2.95,1.3,3.79,2.14,0.84,3.79,8/1/22,6:00:00,8/1/22 6:00,2.57,1.65,55.75757576
3Q4,3,4,10,5,8.54,3.62,1.34,5.09,2.99,1.65,5.27,7/31/22,18:00:00,7/31/22 18:00,3.27,2.1,55.71428571
1Q4,1,4,10,2,9.69,5.65,1.3,4.12,1.92,0.62,6.27,7/31/22,0:00:00,7/31/22 0:00,3.42,2.2,55.45454545
3Q4,3,4,10,7,11.67,7.24,1.34,4.36,1.81,0.47,7.71,8/1/22,6:00:00,8/1/22 6:00,3.96,2.55,55.29411765
1Q13,1,13,10,3,9.53,4.33,1.3,5.29,3.1,1.8,6.13,7/31/22,6:00:00,7/31/22 6:00,3.4,2.19,55.25114155
1Q3,1,3,10,2,11.28,6.23,1.3,4.79,1.96,0.66,6.89,7/31/22,0:00:00,7/31/22 0:00,4.39,2.83,55.12367491
3Q3,3,3,10,5,9.7,4.55,1.29,5.3,3.23,1.94,6.49,7/31/22,18:00:00,7/31/22 18:00,3.21,2.07,55.07246377
0Q8,0,8,10,1,4.28,2.15,1.33,3.17,1.33,0,2.15,7/30/22,18:00:00,7/30/22 18:00,2.13,1.84,15.76086957
3Q4,3,4,10,3,9.12,4.16,1.3,5.11,3.01,1.71,5.87,7/31/22,6:00:00,7/31/22 6:00,3.25,2.1,54.76190476
3Q3,3,3,10,6,6.98,3.24,1.32,3.92,1.83,0.51,3.75,8/1/22,0:00:00,8/1/22 0:00,3.23,2.09,54.54545455
3Q12,3,12,10,2,9.82,5.36,1.3,4.5,2.18,0.88,6.24,7/31/22,0:00:00,7/31/22 0:00,3.58,2.32,54.31034483
1Q13,1,13,10,2,8.55,5,1.29,3.73,1.68,0.39,5.39,7/31/22,0:00:00,7/31/22 0:00,3.16,2.05,54.14634146
1Q14,1,14,5,4,8.94,4.42,1.32,4.66,2.48,1.16,5.58,7/31/22,12:00:00,7/31/22 12:00,3.36,2.18,54.12844037
1Q2,1,2,5,4,9.75,5.87,1.32,4.06,1.94,0.62,6.49,7/31/22,12:00:00,7/31/22 12:00,3.26,2.12,53.77358491
3Q8,3,8,10,4,8.37,4.36,1.31,4.23,2.2,0.89,5.25,7/31/22,12:00:00,7/31/22 12:00,3.12,2.03,53.69458128
3Q8,3,8,10,5,8.9,3.53,1.33,5.6,3.55,2.22,5.75,7/31/22,18:00:00,7/31/22 18:00,3.15,2.05,53.65853659
3Q8,3,8,10,7,9.14,4.87,1.3,4.39,2.19,0.89,5.76,8/1/22,6:00:00,8/1/22 6:00,3.38,2.2,53.63636364
3Q12,3,12,10,7,8.48,4.67,1.31,4.02,1.95,0.64,5.31,8/1/22,6:00:00,8/1/22 6:00,3.17,2.07,53.14009662
1Q8,1,8,10,7,7.93,4.19,1.32,3.92,1.75,0.43,4.62,8/1/22,6:00:00,8/1/22 6:00,3.31,2.17,52.53456221
1Q7,1,7,5,3,6.53,3.03,1.31,3.9,2.16,0.85,3.88,7/31/22,6:00:00,7/31/22 6:00,2.65,1.74,52.29885057
1Q4,1,4,10,6,6.97,3.44,1.31,3.77,1.71,0.4,3.84,8/1/22,0:00:00,8/1/22 0:00,3.13,2.06,51.94174757
1Q8,1,8,10,3,8.25,5.62,1.3,3.25,1.94,0.64,6.26,7/31/22,6:00:00,7/31/22 6:00,1.99,1.31,51.90839695
1Q10,1,10,5,6,5.19,2.26,1.31,3.26,1.35,0.04,2.3,8/1/22,0:00:00,8/1/22 0:00,2.89,1.91,51.30890052
1Q14,1,14,5,2,8.49,4.65,1.28,4.07,2.02,0.74,5.39,7/31/22,0:00:00,7/31/22 0:00,3.1,2.05,51.2195122
1Q3,1,3,10,6,6.6,3.11,1.29,3.71,1.62,0.33,3.44,8/1/22,0:00:00,8/1/22 0:00,3.16,2.09,51.19617225
3Q4,3,4,10,6,6.48,2.68,1.31,4.06,2,0.69,3.37,8/1/22,0:00:00,8/1/22 0:00,3.11,2.06,50.97087379
3Q13,3,13,10,4,10.25,5.29,1.31,4.7,1.61,0.3,5.59,7/31/22,12:00:00,7/31/22 12:00,4.66,3.09,50.80906149
1Q4,1,4,10,1,8.03,2.62,1.28,5.47,3.06,1.78,4.4,7/30/22,18:00:00,7/30/22 18:00,3.63,2.41,50.62240664
1Q6,1,6,5,2,10.04,6.32,1.29,4.03,2.09,0.8,7.12,7/31/22,0:00:00,7/31/22 0:00,2.92,1.94,50.51546392
3Q10,3,10,5,7,7.5,4.19,1.32,3.62,1.62,0.3,4.49,8/1/22,6:00:00,8/1/22 6:00,3.01,2,50.5
3Q12,3,12,10,1,7.38,3.22,1.31,4.43,2.37,1.06,4.28,7/30/22,18:00:00,7/30/22 18:00,3.1,2.06,50.48543689
1Q6,1,6,5,6,8.75,4.21,1.28,4.76,2.66,1.38,5.59,8/1/22,0:00:00,8/1/22 0:00,3.16,2.1,50.47619048
3Q14,3,14,5,5,7.11,2.92,1.33,4.54,2.59,1.26,4.18,7/31/22,18:00:00,7/31/22 18:00,2.93,1.95,50.25641026
3Q10,3,10,5,3,8.94,4.14,1.33,5.1,3.04,1.71,5.85,7/31/22,6:00:00,7/31/22 6:00,3.09,2.06,50
3Q3,3,3,10,4,7.47,3.42,1.33,4.34,2.25,0.92,4.34,7/31/22,12:00:00,7/31/22 12:00,3.13,2.09,49.76076555
1Q8,1,8,10,1,6.71,2.96,1.32,4.07,2.05,0.73,3.69,7/30/22,18:00:00,7/30/22 18:00,3.02,2.02,49.5049505
1Q7,1,7,5,6,8.34,4.81,1.32,3.82,1.72,0.4,5.21,8/1/22,0:00:00,8/1/22 0:00,3.13,2.1,49.04761905
3Q4,3,4,10,2,9.55,5.88,1.27,3.89,1.74,0.47,6.35,7/31/22,0:00:00,7/31/22 0:00,3.2,2.15,48.8372093
1Q8,1,8,10,4,8.52,4.51,1.33,4.29,2.13,0.8,5.31,7/31/22,12:00:00,7/31/22 12:00,3.21,2.16,48.61111111
0Q3,0,3,10,1,4.51,2.16,1.29,3.34,1.3,0.01,2.17,7/30/22,18:00:00,7/30/22 18:00,2.34,2.04,14.70588235
0Q4,0,4,10,1,4.74,2.45,1.26,3.26,1.26,0,2.45,7/30/22,18:00:00,7/30/22 18:00,2.29,2,14.5
3Q7,3,7,5,2,8.95,5.75,1.3,3.54,1.54,0.24,5.99,7/31/22,0:00:00,7/31/22 0:00,2.96,2,48
3Q14,3,14,5,6,6.91,3.48,1.3,3.77,1.76,0.46,3.94,8/1/22,0:00:00,8/1/22 0:00,2.97,2.01,47.76119403
1Q6,1,6,5,4,9,5.49,1.32,3.82,1.7,0.38,5.87,7/31/22,12:00:00,7/31/22 12:00,3.13,2.12,47.64150943
3Q8,3,8,10,2,7.65,4.78,1.29,3.26,1.37,0.08,4.86,7/31/22,0:00:00,7/31/22 0:00,2.79,1.89,47.61904762
1Q4,1,4,10,6,9.9,6.09,1.33,4.06,1.77,0.44,6.53,8/1/22,0:00:00,8/1/22 0:00,3.37,2.29,47.16157205
1Q4,1,4,10,3,8.4,4.2,1.28,4.56,2.59,1.31,5.51,7/31/22,6:00:00,7/31/22 6:00,2.89,1.97,46.70050761
3Q14,3,14,5,4,8.32,4.21,1.31,4.45,2.37,1.06,5.27,7/31/22,12:00:00,7/31/22 12:00,3.05,2.08,46.63461538
1Q6,1,6,5,6,5.73,2.4,1.31,3.68,1.61,0.3,2.7,8/1/22,0:00:00,8/1/22 0:00,3.03,2.07,46.37681159
3Q4,3,4,10,1,9.71,4.04,1.24,5.7,3.09,1.85,5.89,7/30/22,18:00:00,7/30/22 18:00,3.82,2.61,46.36015326
1Q8,1,8,10,5,8.53,4.81,1.33,4.06,1.9,0.57,5.38,7/31/22,18:00:00,7/31/22 18:00,3.15,2.16,45.83333333
1Q7,1,7,5,6,7.22,3.79,1.33,3.85,1.86,0.53,4.32,8/1/22,0:00:00,8/1/22 0:00,2.9,1.99,45.72864322
1Q13,1,13,10,5,7.44,3.63,1.32,4.12,1.91,0.59,4.22,7/31/22,18:00:00,7/31/22 18:00,3.22,2.21,45.70135747
3Q14,3,14,5,6,6.45,2.41,1.31,4.26,1.87,0.56,2.97,8/1/22,0:00:00,8/1/22 0:00,3.48,2.39,45.60669456
1Q10,1,10,5,4,6.23,3.45,1.29,3.26,1.47,0.18,3.63,7/31/22,12:00:00,7/31/22 12:00,2.6,1.79,45.25139665
1Q10,1,10,5,2,6.89,3.66,1.29,3.67,1.78,0.49,4.15,7/31/22,0:00:00,7/31/22 0:00,2.74,1.89,44.97354497
1Q14,1,14,5,6,6.22,2.81,1.28,3.73,1.59,0.31,3.12,8/1/22,0:00:00,8/1/22 0:00,3.1,2.14,44.85981308
1Q7,1,7,5,4,6.95,3.91,1.35,3.53,1.61,0.26,4.17,7/31/22,12:00:00,7/31/22 12:00,2.78,1.92,44.79166667
1Q12,1,12,10,4,6.3,3.08,1.31,3.66,1.7,0.39,3.47,7/31/22,12:00:00,7/31/22 12:00,2.83,1.96,44.3877551
3Q2,3,2,5,4,6.43,3.78,1.3,3.24,1.63,0.33,4.11,7/31/22,12:00:00,7/31/22 12:00,2.32,1.61,44.09937888
1Q13,1,13,10,1,5.96,2.64,1.31,3.74,1.71,0.4,3.04,7/30/22,18:00:00,7/30/22 18:00,2.92,2.03,43.84236453
1Q12,1,12,10,1,7.16,3.33,1.31,4.2,2.05,0.74,4.07,7/30/22,18:00:00,7/30/22 18:00,3.09,2.15,43.72093023
1Q6,1,6,5,7,7.05,3.69,1.31,3.72,1.54,0.23,3.92,8/1/22,6:00:00,8/1/22 6:00,3.13,2.18,43.57798165
0Q13,0,13,10,1,4.38,2.09,1.3,3.3,1.3,0,2.09,7/30/22,18:00:00,7/30/22 18:00,2.29,2,14.5
3Q2,3,2,5,6,8.1,4.11,1.33,4.36,2.1,0.77,4.88,8/1/22,0:00:00,8/1/22 0:00,3.22,2.26,42.47787611
3Q10,3,10,5,6,7.79,4.49,1.29,3.72,1.67,0.38,4.87,8/1/22,0:00:00,8/1/22 0:00,2.92,2.05,42.43902439
1Q14,1,14,5,1,7.49,4.08,1.3,3.9,1.98,0.68,4.76,7/30/22,18:00:00,7/30/22 18:00,2.73,1.92,42.1875
1Q10,1,10,5,1,6.13,3.06,1.26,3.5,1.53,0.27,3.33,7/30/22,18:00:00,7/30/22 18:00,2.8,1.97,42.1319797
0Q7,0,7,5,1,3.7,2.01,1.27,2.77,1.27,0,2.01,7/30/22,18:00:00,7/30/22 18:00,1.69,1.5,12.66666667
1Q10,1,10,5,6,5.48,2.6,1.3,3.42,1.58,0.28,2.88,8/1/22,0:00:00,8/1/22 0:00,2.6,1.84,41.30434783
1Q12,1,12,10,2,7.57,4.28,1.3,3.75,1.71,0.41,4.69,7/31/22,0:00:00,7/31/22 0:00,2.88,2.04,41.17647059
1Q8,1,8,10,2,6.9,3.81,1.31,3.58,1.58,0.27,4.08,7/31/22,0:00:00,7/31/22 0:00,2.82,2,41
3Q13,3,13,10,5,11.33,6.63,1.28,5.05,2.77,1.49,8.12,7/31/22,18:00:00,7/31/22 18:00,3.21,2.28,40.78947368
3Q6,3,6,5,5,6.8,2.6,1.3,4.66,2.58,1.28,3.88,7/31/22,18:00:00,7/31/22 18:00,2.92,2.08,40.38461538
3Q6,3,6,5,7,6.58,2.72,1.31,4.14,1.57,0.26,2.98,8/1/22,6:00:00,8/1/22 6:00,3.6,2.57,40.07782101
1Q1,1,1,0,7,5.88,2.81,1.3,3.54,1.46,0.16,2.97,8/1/22,6:00:00,8/1/22 6:00,2.91,2.08,39.90384615
3Q8,3,8,10,1,5.67,2.54,1.3,3.62,1.59,0.29,2.83,7/30/22,18:00:00,7/30/22 18:00,2.84,2.03,39.90147783
1Q14,1,14,5,5,7.31,4.07,1.33,3.75,1.69,0.36,4.43,7/31/22,18:00:00,7/31/22 18:00,2.88,2.06,39.80582524
3Q6,3,6,5,6,6.17,2.92,1.29,3.68,1.51,0.22,3.14,8/1/22,0:00:00,8/1/22 0:00,3.03,2.17,39.63133641
3Q7,3,7,5,5,7.73,3.7,1.3,4.45,2.22,0.92,4.62,7/31/22,18:00:00,7/31/22 18:00,3.11,2.23,39.46188341
1Q3,1,3,10,1,8.75,3.95,1.31,5.1,2.54,1.23,5.18,7/30/22,18:00:00,7/30/22 18:00,3.57,2.56,39.453125
3Q3,3,3,10,3,8.96,4.51,1.24,4.87,2.79,1.55,6.06,7/31/22,6:00:00,7/31/22 6:00,2.9,2.08,39.42307692
1Q10,1,10,5,3,8.15,3.1,1.26,5.27,2.62,1.36,4.46,7/31/22,6:00:00,7/31/22 6:00,3.69,2.65,39.24528302
3Q10,3,10,5,6,5.69,2.5,1.34,3.73,1.66,0.32,2.82,8/1/22,0:00:00,8/1/22 0:00,2.87,2.07,38.647343
3Q14,3,14,5,7,6.41,3.48,1.33,3.48,1.44,0.11,3.59,8/1/22,6:00:00,8/1/22 6:00,2.82,2.04,38.23529412
1Q2,1,2,5,5,6.81,3.37,1.33,3.94,1.76,0.43,3.8,7/31/22,18:00:00,7/31/22 18:00,3.01,2.18,38.0733945
3Q3,3,3,10,2,11.22,7.14,1.3,4.37,1.7,0.4,7.54,7/31/22,0:00:00,7/31/22 0:00,3.68,2.67,37.82771536
3Q10,3,10,5,1,4.97,2.75,1.33,3.02,1.6,0.27,3.02,7/30/22,18:00:00,7/30/22 18:00,1.95,1.42,37.32394366
1Q7,1,7,5,5,7.42,4.07,1.35,3.91,1.79,0.44,4.51,7/31/22,18:00:00,7/31/22 18:00,2.91,2.12,37.26415094
0Q14,0,14,5,1,4.37,2.2,1.26,3.22,1.26,0,2.2,7/30/22,18:00:00,7/30/22 18:00,2.17,1.96,10.71428571
3Q6,3,6,5,4,7.98,4.91,1.32,3.61,1.51,0.19,5.1,7/31/22,12:00:00,7/31/22 12:00,2.88,2.1,37.14285714
3Q10,3,10,5,4,7.81,4.5,1.3,3.81,1.65,0.35,4.85,7/31/22,12:00:00,7/31/22 12:00,2.96,2.16,37.03703704
1Q14,1,14,5,6,5.55,2.48,1.32,3.62,1.5,0.18,2.66,8/1/22,0:00:00,8/1/22 0:00,2.89,2.12,36.32075472
1Q7,1,7,5,1,4.95,2.1,1.3,3.42,1.41,0.11,2.21,7/30/22,18:00:00,7/30/22 18:00,2.74,2.01,36.31840796
3Q7,3,7,5,4,6.44,3.58,1.32,3.47,1.48,0.16,3.74,7/31/22,12:00:00,7/31/22 12:00,2.7,1.99,35.67839196
0Q2,0,2,5,1,4.51,2.08,1.27,3.5,1.28,0.01,2.09,7/30/22,18:00:00,7/30/22 18:00,2.42,2.22,9.009009009
3Q6,3,6,5,3,8.33,4.29,1.29,4.53,2.25,0.96,5.25,7/31/22,6:00:00,7/31/22 6:00,3.08,2.28,35.0877193
0Q10,0,10,5,1,4.1,2.04,1.3,3.21,1.32,0.02,2.06,7/30/22,18:00:00,7/30/22 18:00,2.04,1.89,7.936507937
3Q2,3,2,5,2,6.89,3.94,1.28,3.5,1.4,0.12,4.06,7/31/22,0:00:00,7/31/22 0:00,2.83,2.1,34.76190476
1Q6,1,6,5,3,8.69,4.67,1.32,4.63,2.58,1.26,5.93,7/31/22,6:00:00,7/31/22 6:00,2.76,2.05,34.63414634
3Q10,3,10,5,2,7.35,4.34,1.3,3.58,1.46,0.16,4.5,7/31/22,0:00:00,7/31/22 0:00,2.85,2.12,34.43396226
3Q2,3,2,5,3,8.44,4.59,1.2,4.29,2.07,0.87,5.46,7/31/22,6:00:00,7/31/22 6:00,2.98,2.22,34.23423423
3Q2,3,2,5,7,6.19,3.33,1.28,3.49,1.58,0.3,3.63,8/1/22,6:00:00,8/1/22 6:00,2.56,1.91,34.03141361
3Q6,3,6,5,6,5.73,2.99,1.31,3.41,1.52,0.21,3.2,8/1/22,0:00:00,8/1/22 0:00,2.53,1.89,33.86243386
3Q14,3,14,5,2,8.9,5.86,1.33,3.71,1.74,0.41,6.27,7/31/22,0:00:00,7/31/22 0:00,2.63,1.97,33.50253807
3Q13,3,13,10,2,7.17,4.35,1.3,3.44,1.4,0.1,4.45,7/31/22,0:00:00,7/31/22 0:00,2.72,2.04,33.33333333
3Q2,3,2,5,6,5.73,2.66,1.29,3.69,1.65,0.36,3.02,8/1/22,0:00:00,8/1/22 0:00,2.71,2.04,32.84313725
3Q7,3,7,5,6,5.3,2.54,1.28,3.42,1.5,0.22,2.76,8/1/22,0:00:00,8/1/22 0:00,2.54,1.92,32.29166667
0Q6,0,6,5,1,4.08,2.03,1.3,3.24,1.34,0.04,2.07,7/30/22,18:00:00,7/30/22 18:00,2.01,1.9,5.789473684
1Q2,1,2,5,2,6.14,3.23,1.3,3.54,1.41,0.11,3.34,7/31/22,0:00:00,7/31/22 0:00,2.8,2.13,31.45539906
1Q2,1,2,5,6,5.55,2.79,1.31,3.43,1.36,0.05,2.84,8/1/22,0:00:00,8/1/22 0:00,2.71,2.07,30.9178744
1Q6,1,6,5,1,7.02,3.59,1.22,3.94,1.63,0.41,4,7/30/22,18:00:00,7/30/22 18:00,3.02,2.31,30.73593074
1Q2,1,2,5,6,4.67,2.4,1.31,3.09,1.48,0.17,2.57,8/1/22,0:00:00,8/1/22 0:00,2.1,1.61,30.43478261
3Q3,3,3,10,1,6.12,2.49,1.29,4.27,2.12,0.83,3.32,7/30/22,18:00:00,7/30/22 18:00,2.8,2.15,30.23255814
0Q5,0,5,0,1,4.01,1.99,1.27,3.19,1.27,0,1.99,7/30/22,18:00:00,7/30/22 18:00,2.02,1.92,5.208333333
3Q7,3,7,5,3,7.37,3.71,1.31,4.26,1.87,0.56,4.27,7/31/22,6:00:00,7/31/22 6:00,3.1,2.39,29.70711297
1Q13,1,13,10,7,5.52,2.68,1.33,3.56,1.5,0.17,2.85,8/1/22,6:00:00,8/1/22 6:00,2.67,2.06,29.61165049
3Q14,3,14,5,1,5.73,2.91,1.31,3.55,1.53,0.22,3.13,7/30/22,18:00:00,7/30/22 18:00,2.6,2.02,28.71287129
3Q7,3,7,5,6,6.99,4.07,1.3,3.57,1.3,0,4.07,8/1/22,0:00:00,8/1/22 0:00,2.92,2.27,28.63436123
0Q11,0,11,0,1,4.03,2.01,1.29,3.23,1.29,0,2.01,7/30/22,18:00:00,7/30/22 18:00,2.02,1.94,4.12371134
0Q15,0,15,0,1,4.02,1.98,1.25,3.21,1.25,0,1.98,7/30/22,18:00:00,7/30/22 18:00,2.04,1.96,4.081632653
3Q6,3,6,5,2,6.54,3.92,1.27,3.37,1.51,0.24,4.16,7/31/22,0:00:00,7/31/22 0:00,2.38,1.86,27.95698925
3Q2,3,2,5,1,4.28,2.1,1.27,3,1.39,0.12,2.22,7/30/22,18:00:00,7/30/22 18:00,2.06,1.61,27.95031056
1Q14,1,14,5,7,7.83,4.57,1.32,3.98,1.81,0.49,5.06,8/1/22,6:00:00,8/1/22 6:00,2.77,2.17,27.64976959
3Q7,3,7,5,7,4.73,2.21,1.29,3.28,1.36,0.07,2.28,8/1/22,6:00:00,8/1/22 6:00,2.45,1.92,27.60416667
0Q1,0,1,0,1,5.74,2.04,1.28,4.84,1.28,0,2.04,7/30/22,18:00:00,7/30/22 18:00,3.7,3.56,3.93258427
0Q9,0,9,0,1,3.94,2.01,1.29,3.16,1.29,0,2.01,7/30/22,18:00:00,7/30/22 18:00,1.93,1.87,3.20855615
1Q2,1,2,5,1,5.06,2.07,1.19,3.62,1.55,0.36,2.43,7/30/22,18:00:00,7/30/22 18:00,2.63,2.07,27.0531401
1Q1,1,1,0,6,4.65,2.16,1.28,3.24,1.28,0,2.16,8/1/22,0:00:00,8/1/22 0:00,2.49,1.96,27.04081633
0Q1,0,1,0,2,3.94,2.04,1.27,NA,NA,NA,NA,7/31/22,0:00:00,7/31/22 0:00,#VALUE!,#VALUE!,#VALUE!
3Q13,3,13,10,1,4.66,2.05,1.32,3.41,1.43,0.11,2.16,7/30/22,18:00:00,7/30/22 18:00,2.5,1.98,26.26262626
3Q7,3,7,5,1,4.84,2.29,1.27,3.34,1.51,0.24,2.53,7/30/22,18:00:00,7/30/22 18:00,2.31,1.83,26.2295082
3Q6,3,6,5,1,6.84,3.75,1.29,3.78,1.48,0.19,3.94,7/30/22,18:00:00,7/30/22 18:00,2.9,2.3,26.08695652
3Q2,3,2,5,5,5.19,2.41,1.31,3.57,1.52,0.21,2.62,7/31/22,18:00:00,7/31/22 18:00,2.57,2.05,25.36585366
0Q4,0,4,10,2,5.92,3.04,1.3,3.35,1.36,0.06,3.1,7/31/22,0:00:00,7/31/22 0:00,2.82,1.99,41.70854271
1Q7,1,7,5,7,5.45,2.84,1.3,3.39,1.3,0,2.84,8/1/22,6:00:00,8/1/22 6:00,2.61,2.09,24.88038278
0Q8,0,8,10,2,5.31,2.3,1.34,3.54,1.36,0.02,2.32,7/31/22,0:00:00,7/31/22 0:00,2.99,2.18,37.1559633
1Q7,1,7,5,2,6.9,4.27,1.27,3.41,1.4,0.13,4.4,7/31/22,0:00:00,7/31/22 0:00,2.5,2.01,24.37810945
0Q12,0,12,10,2,5.82,3.04,1.3,3.39,1.43,0.13,3.17,7/31/22,0:00:00,7/31/22 0:00,2.65,1.96,35.20408163
0Q3,0,3,10,2,5.64,2.93,1.29,3.36,1.37,0.08,3.01,7/31/22,0:00:00,7/31/22 0:00,2.63,1.99,32.16080402
0Q10,0,10,5,2,4.36,2.09,1.28,3.05,1.29,0.01,2.1,7/31/22,0:00:00,7/31/22 0:00,2.26,1.76,28.40909091
0Q14,0,14,5,2,4.48,2.08,1.3,3.24,1.31,0.01,2.09,7/31/22,0:00:00,7/31/22 0:00,2.39,1.93,23.83419689
1Q10,1,10,5,7,5.55,3.1,1.34,3.34,1.41,0.07,3.17,8/1/22,6:00:00,8/1/22 6:00,2.38,1.93,23.31606218
0Q13,0,13,10,2,4.81,2.24,1.25,3.34,1.32,0.07,2.31,7/31/22,0:00:00,7/31/22 0:00,2.5,2.02,23.76237624
0Q2,0,2,5,2,4.68,2.19,1.26,3.28,1.29,0.03,2.22,7/31/22,0:00:00,7/31/22 0:00,2.46,1.99,23.61809045
3Q15,3,15,0,6,5.51,2.24,1.29,3.99,1.35,0.06,2.3,8/1/22,0:00:00,8/1/22 0:00,3.21,2.64,21.59090909
0Q6,0,6,5,2,4.97,2.17,1.28,3.58,1.28,0,2.17,7/31/22,0:00:00,7/31/22 0:00,2.8,2.3,21.73913043
1Q2,1,2,5,7,4.49,2.43,1.3,3,1.3,0,2.43,8/1/22,6:00:00,8/1/22 6:00,2.06,1.7,21.17647059
0Q5,0,5,0,2,3.74,2.14,1.3,2.71,1.38,0.08,2.22,7/31/22,0:00:00,7/31/22 0:00,1.52,1.33,14.28571429
0Q7,0,7,5,2,4.22,2.06,1.28,3.17,1.28,0,2.06,7/31/22,0:00:00,7/31/22 0:00,2.16,1.89,14.28571429
0Q9,0,9,0,2,4.38,1.98,1.28,3.46,1.28,0,1.98,7/31/22,0:00:00,7/31/22 0:00,2.4,2.18,10.09174312
0Q11,0,11,0,2,4.19,1.99,1.29,3.3,1.29,0,1.99,7/31/22,0:00:00,7/31/22 0:00,2.2,2.01,9.452736318
0Q15,0,15,0,2,4.09,2.01,1.29,3.22,1.29,0,2.01,7/31/22,0:00:00,7/31/22 0:00,2.08,1.93,7.772020725
0Q8,0,8,10,3,5.84,2.19,1.34,3.8,1.63,0.29,2.48,7/31/22,6:00:00,7/31/22 6:00,3.36,2.17,54.83870968
1Q5,1,5,0,4,4.83,2.42,1.27,3.32,1.27,0,2.42,7/31/22,12:00:00,7/31/22 12:00,2.41,2.05,17.56097561
0Q3,0,3,10,3,6.19,2.42,1.3,4.07,2.01,0.71,3.13,7/31/22,6:00:00,7/31/22 6:00,3.06,2.06,48.54368932
0Q12,0,12,10,3,7.52,4.16,1.29,3.67,1.65,0.36,4.52,7/31/22,6:00:00,7/31/22 6:00,3,2.02,48.51485149
0Q13,0,13,10,3,4.82,2.03,1.32,3.41,1.4,0.08,2.11,7/31/22,6:00:00,7/31/22 6:00,2.71,2.01,34.82587065
0Q10,0,10,5,3,4.6,2.02,1.3,3.29,1.32,0.02,2.04,7/31/22,6:00:00,7/31/22 6:00,2.56,1.97,29.94923858
0Q7,0,7,5,3,5.2,2.39,1.13,3.38,1.41,0.28,2.67,7/31/22,6:00:00,7/31/22 6:00,2.53,1.97,28.42639594
0Q14,0,14,5,3,4.32,2.03,1.28,3.08,1.28,0,2.03,7/31/22,6:00:00,7/31/22 6:00,2.29,1.8,27.22222222
0Q6,0,6,5,3,5.1,2,1.28,3.77,1.34,0.06,2.06,7/31/22,6:00:00,7/31/22 6:00,3.04,2.43,25.10288066
0Q4,0,4,10,3,5,2.35,1.3,3.56,1.51,0.21,2.56,7/31/22,6:00:00,7/31/22 6:00,2.44,2.05,19.02439024
0Q2,0,2,5,3,4.49,2,1.21,3.34,1.35,0.14,2.14,7/31/22,6:00:00,7/31/22 6:00,2.35,1.99,18.09045226
0Q11,0,11,0,3,4.53,2.19,1.28,3.27,1.28,0,2.19,7/31/22,6:00:00,7/31/22 6:00,2.34,1.99,17.5879397
3Q12,3,12,10,3,8.82,4.59,1.27,5.18,3.09,1.82,6.41,7/31/22,6:00:00,7/31/22 6:00,2.41,2.09,15.31100478
0Q15,0,15,0,3,4.36,2.04,1.33,3.31,1.33,0,2.04,7/31/22,6:00:00,7/31/22 6:00,2.32,1.98,17.17171717
0Q1,0,1,0,3,4.52,2.03,1.27,3.44,1.3,0.03,2.06,7/31/22,6:00:00,7/31/22 6:00,2.46,2.14,14.95327103
0Q5,0,5,0,3,4.26,1.97,1.3,3.31,1.29,0,1.97,7/31/22,6:00:00,7/31/22 6:00,2.3,2.02,13.86138614
0Q9,0,9,0,3,4.57,2.1,1.28,3.45,1.28,0,2.1,7/31/22,6:00:00,7/31/22 6:00,2.47,2.17,13.82488479
0Q3,0,3,10,4,5.07,2.46,1.32,3.39,1.36,0.04,2.5,7/31/22,12:00:00,7/31/22 12:00,2.57,2.03,26.60098522
0Q4,0,4,10,4,4.94,2.48,1.31,3.28,1.31,0,2.48,7/31/22,12:00:00,7/31/22 12:00,2.46,1.97,24.87309645
0Q8,0,8,10,4,4.65,2.33,1.29,3.17,1.32,0.03,2.36,7/31/22,12:00:00,7/31/22 12:00,2.29,1.85,23.78378378
0Q13,0,13,10,4,3.85,1.94,1.29,2.89,1.29,0,1.94,7/31/22,12:00:00,7/31/22 12:00,1.91,1.6,19.375
0Q12,0,12,10,4,4.38,2.17,1.31,3.19,1.31,0,2.17,7/31/22,12:00:00,7/31/22 12:00,2.21,1.88,17.55319149
0Q2,0,2,5,4,4.89,2.46,1.28,3.36,1.31,0.03,2.49,7/31/22,12:00:00,7/31/22 12:00,2.4,2.05,17.07317073
0Q10,0,10,5,4,4.12,1.99,1.27,3.17,1.27,0,1.99,7/31/22,12:00:00,7/31/22 12:00,2.13,1.9,12.10526316
0Q14,0,14,5,4,4.23,1.99,1.25,3.28,1.25,0,1.99,7/31/22,12:00:00,7/31/22 12:00,2.24,2.03,10.34482759
0Q7,0,7,5,4,4.24,2.08,1.32,3.29,1.32,0,2.08,7/31/22,12:00:00,7/31/22 12:00,2.16,1.97,9.644670051
0Q5,0,5,0,4,4.26,2.16,1.32,3.24,1.32,0,2.16,7/31/22,12:00:00,7/31/22 12:00,2.1,1.92,9.375
0Q9,0,9,0,4,4.68,2.06,1.31,3.72,1.31,0,2.06,7/31/22,12:00:00,7/31/22 12:00,2.62,2.41,8.713692946
0Q6,0,6,5,4,4.24,2.11,1.3,3.26,1.3,0,2.11,7/31/22,12:00:00,7/31/22 12:00,2.13,1.96,8.673469388
3Q9,3,9,0,3,4.58,2.33,1.32,3.3,1.32,0,2.33,7/31/22,6:00:00,7/31/22 6:00,2.25,1.98,13.63636364
0Q1,0,1,0,4,5.31,2.18,1.33,4.22,1.33,0,2.18,7/31/22,12:00:00,7/31/22 12:00,3.13,2.89,8.30449827
0Q15,0,15,0,4,4.11,2.02,1.27,3.24,1.27,0,2.02,7/31/22,12:00:00,7/31/22 12:00,2.09,1.97,6.091370558
0Q11,0,11,0,4,4.1,2,1.27,3.27,1.27,0,2,7/31/22,12:00:00,7/31/22 12:00,2.1,2,5
3Q5,3,5,0,3,5.23,3.06,1.31,3.24,1.32,0.01,3.07,7/31/22,6:00:00,7/31/22 6:00,2.16,1.92,12.5
0Q3,0,3,10,5,4.61,2.36,1.25,3.22,1.25,0,2.36,7/31/22,18:00:00,7/31/22 18:00,2.25,1.97,14.21319797
0Q4,0,4,10,5,4.3,2.1,1.26,3.22,1.26,0,2.1,7/31/22,18:00:00,7/31/22 18:00,2.2,1.96,12.24489796
0Q8,0,8,10,5,4.13,2.08,1.33,3.19,1.33,0,2.08,7/31/22,18:00:00,7/31/22 18:00,2.05,1.86,10.21505376
0Q13,0,13,10,5,4.21,2.1,1.28,3.21,1.28,0,2.1,7/31/22,18:00:00,7/31/22 18:00,2.11,1.93,9.32642487
0Q14,0,14,5,5,4,2.1,1.3,3.04,1.3,0,2.1,7/31/22,18:00:00,7/31/22 18:00,1.9,1.74,9.195402299
0Q7,0,7,5,5,3.85,2.09,1.3,2.92,1.3,0,2.09,7/31/22,18:00:00,7/31/22 18:00,1.76,1.62,8.641975309
0Q6,0,6,5,5,4.61,2.2,1.3,3.54,1.3,0,2.2,7/31/22,18:00:00,7/31/22 18:00,2.41,2.24,7.589285714
0Q12,0,12,10,5,4.43,2.26,1.31,3.34,1.31,0,2.26,7/31/22,18:00:00,7/31/22 18:00,2.17,2.03,6.896551724
0Q11,0,11,0,5,4.53,2.42,1.33,3.31,1.37,0.04,2.46,7/31/22,18:00:00,7/31/22 18:00,2.07,1.94,6.701030928
0Q5,0,5,0,5,4.15,2.07,1.29,3.25,1.29,0,2.07,7/31/22,18:00:00,7/31/22 18:00,2.08,1.96,6.12244898
1Q4,1,4,10,7,4.44,2.19,1.31,3.35,1.45,0.14,2.33,8/1/22,6:00:00,8/1/22 6:00,2.11,1.9,11.05263158
0Q9,0,9,0,5,4.22,2.09,1.29,3.3,1.29,0,2.09,7/31/22,18:00:00,7/31/22 18:00,2.13,2.01,5.970149254
0Q15,0,15,0,5,5.83,2.34,1.3,4.62,1.36,0.06,2.4,7/31/22,18:00:00,7/31/22 18:00,3.43,3.26,5.214723926
0Q1,0,1,0,5,4.33,2.1,1.23,3.42,1.23,0,2.1,7/31/22,18:00:00,7/31/22 18:00,2.23,2.19,1.826484018
0Q2,0,2,5,5,3.72,2.11,1.25,3.24,1.25,0,2.11,7/31/22,18:00:00,7/31/22 18:00,1.61,1.99,-19.09547739
0Q10,0,10,5,5,4.17,2.06,1.29,4.63,2.54,1.25,3.31,7/31/22,18:00:00,7/31/22 18:00,0.86,2.09,-58.85167464
0Q3,0,3,10,6,5.16,2.65,1.32,3.29,1.32,0,2.65,8/1/22,0:00:00,8/1/22 0:00,2.51,1.97,27.41116751
0Q3,0,3,10,6,5.05,2.61,1.29,3.3,1.29,0,2.61,8/1/22,0:00:00,8/1/22 0:00,2.44,2.01,21.39303483
0Q13,0,13,10,6,4.45,2.17,1.3,3.26,1.67,0.37,2.54,8/1/22,0:00:00,8/1/22 0:00,1.91,1.59,20.12578616
0Q8,0,8,10,6,4.76,2.34,1.28,3.32,1.36,0.08,2.42,8/1/22,0:00:00,8/1/22 0:00,2.34,1.96,19.3877551
0Q4,0,4,10,6,4.34,2.12,1.3,3.2,1.3,0,2.12,8/1/22,0:00:00,8/1/22 0:00,2.22,1.9,16.84210526
0Q12,0,12,10,6,4.5,2.18,1.3,3.29,1.3,0,2.18,8/1/22,0:00:00,8/1/22 0:00,2.32,1.99,16.58291457
1Q11,1,11,0,6,4.38,2.25,1.29,3.24,1.29,0,2.25,8/1/22,0:00:00,8/1/22 0:00,2.13,1.95,9.230769231
0Q13,0,13,10,6,4.28,1.94,1.31,3.32,1.31,0,1.94,8/1/22,0:00:00,8/1/22 0:00,2.34,2.01,16.41791045
0Q8,0,8,10,6,4.47,2.15,1.29,3.29,1.29,0,2.15,8/1/22,0:00:00,8/1/22 0:00,2.32,2,16
3Q9,3,9,0,4,4.46,2.42,1.29,3.16,1.29,0,2.42,7/31/22,12:00:00,7/31/22 12:00,2.04,1.87,9.090909091
0Q12,0,12,10,6,4.45,2.13,1.29,3.3,1.29,0,2.13,8/1/22,0:00:00,8/1/22 0:00,2.32,2.01,15.42288557
3Q11,3,11,0,6,4.42,2.38,1.32,3.2,1.39,0.07,2.45,8/1/22,0:00:00,8/1/22 0:00,1.97,1.81,8.839779006
1Q9,1,9,0,3,4.27,2.03,1.29,3.35,1.29,0,2.03,7/31/22,6:00:00,7/31/22 6:00,2.24,2.06,8.737864078
1Q9,1,9,0,7,4.3,2.18,1.32,3.27,1.32,0,2.18,8/1/22,6:00:00,8/1/22 6:00,2.12,1.95,8.717948718
0Q2,0,2,5,6,4.96,2.1,1.3,3.78,1.3,0,2.1,8/1/22,0:00:00,8/1/22 0:00,2.86,2.48,15.32258065
1Q1,1,1,0,3,4.5,2.11,1.27,3.47,1.28,0.01,2.12,7/31/22,6:00:00,7/31/22 6:00,2.38,2.19,8.675799087
0Q4,0,4,10,6,4.53,2.15,1.3,3.37,1.31,0.01,2.16,8/1/22,0:00:00,8/1/22 0:00,2.37,2.06,15.04854369
0Q10,0,10,5,6,4.16,2.08,1.26,3.07,1.26,0,2.08,8/1/22,0:00:00,8/1/22 0:00,2.08,1.81,14.91712707
1Q5,1,5,0,7,5,2.36,1.3,3.73,1.3,0,2.36,8/1/22,6:00:00,8/1/22 6:00,2.64,2.43,8.641975309
1Q5,1,5,0,6,4.64,2.48,1.29,3.28,1.3,0.01,2.49,8/1/22,0:00:00,8/1/22 0:00,2.15,1.98,8.585858586
0Q7,0,7,5,6,3.76,2.07,1.28,2.76,1.3,0.02,2.09,8/1/22,0:00:00,8/1/22 0:00,1.67,1.46,14.38356164
0Q14,0,14,5,6,4.37,2.08,1.29,3.3,1.31,0.02,2.1,8/1/22,0:00:00,8/1/22 0:00,2.27,1.99,14.07035176
1Q1,1,1,0,6,3.96,2.1,1.29,3.01,1.32,0.03,2.13,8/1/22,0:00:00,8/1/22 0:00,1.83,1.69,8.284023669
0Q10,0,10,5,6,4.18,2.03,1.33,3.22,1.36,0.03,2.06,8/1/22,0:00:00,8/1/22 0:00,2.12,1.86,13.97849462
0Q7,0,7,5,6,4.43,2.14,1.32,3.33,1.32,0,2.14,8/1/22,0:00:00,8/1/22 0:00,2.29,2.01,13.93034826
3Q5,3,5,0,7,4.73,2.54,1.27,3.3,1.27,0,2.54,8/1/22,6:00:00,8/1/22 6:00,2.19,2.03,7.881773399
0Q6,0,6,5,6,4.29,2.05,1.31,3.28,1.31,0,2.05,8/1/22,0:00:00,8/1/22 0:00,2.24,1.97,13.70558376
0Q1,0,1,0,6,4.18,1.97,1.29,3.24,1.29,0,1.97,8/1/22,0:00:00,8/1/22 0:00,2.21,1.95,13.33333333
3Q11,3,11,0,4,4.67,2.53,1.28,3.27,1.29,0.01,2.54,7/31/22,12:00:00,7/31/22 12:00,2.13,1.98,7.575757576
3Q5,3,5,0,6,4.62,2.34,1.31,3.43,1.31,0,2.34,8/1/22,0:00:00,8/1/22 0:00,2.28,2.12,7.547169811
3Q5,3,5,0,4,4.49,2.33,1.3,3.31,1.31,0.01,2.34,7/31/22,12:00:00,7/31/22 12:00,2.15,2,7.5
1Q9,1,9,0,4,4.21,2.04,1.28,3.3,1.28,0,2.04,7/31/22,12:00:00,7/31/22 12:00,2.17,2.02,7.425742574
1Q15,1,15,0,4,4.25,2.07,1.31,3.34,1.31,0,2.07,7/31/22,12:00:00,7/31/22 12:00,2.18,2.03,7.389162562
0Q2,0,2,5,6,4.38,2.06,1.3,3.35,1.3,0,2.06,8/1/22,0:00:00,8/1/22 0:00,2.32,2.05,13.17073171
1Q9,1,9,0,6,4.1,2.03,1.28,3.21,1.28,0,2.03,8/1/22,0:00:00,8/1/22 0:00,2.07,1.93,7.25388601
0Q6,0,6,5,6,4.78,2.08,1.28,3.68,1.28,0,2.08,8/1/22,0:00:00,8/1/22 0:00,2.7,2.4,12.5
1Q1,1,1,0,5,5.2,2.19,1.28,4.09,1.28,0,2.19,7/31/22,18:00:00,7/31/22 18:00,3.01,2.81,7.117437722
3Q9,3,9,0,5,4.2,2.08,1.3,3.28,1.3,0,2.08,7/31/22,18:00:00,7/31/22 18:00,2.12,1.98,7.070707071
3Q11,3,11,0,7,4.41,2.29,1.31,3.29,1.31,0,2.29,8/1/22,6:00:00,8/1/22 6:00,2.12,1.98,7.070707071
3Q9,3,9,0,6,4.28,2,1.25,3.38,1.25,0,2,8/1/22,0:00:00,8/1/22 0:00,2.28,2.13,7.042253521
3Q1,3,1,0,4,4.16,2.16,1.27,3.14,1.27,0,2.16,7/31/22,12:00:00,7/31/22 12:00,2,1.87,6.951871658
3Q15,3,15,0,3,4.45,2.29,1.26,3.28,1.26,0,2.29,7/31/22,6:00:00,7/31/22 6:00,2.16,2.02,6.930693069
0Q5,0,5,0,6,4.56,2.34,1.28,3.26,1.28,0,2.34,8/1/22,0:00:00,8/1/22 0:00,2.22,1.98,12.12121212
3Q1,3,1,0,6,4.12,2.09,1.27,3.17,1.27,0,2.09,8/1/22,0:00:00,8/1/22 0:00,2.03,1.9,6.842105263
1Q9,1,9,0,6,4.2,2.17,1.3,3.2,1.3,0,2.17,8/1/22,0:00:00,8/1/22 0:00,2.03,1.9,6.842105263
0Q11,0,11,0,6,4.4,2.15,1.29,3.3,1.29,0,2.15,8/1/22,0:00:00,8/1/22 0:00,2.25,2.01,11.94029851
0Q9,0,9,0,6,4.26,2.03,1.28,3.28,1.28,0,2.03,8/1/22,0:00:00,8/1/22 0:00,2.23,2,11.5
1Q11,1,11,0,4,4.34,2.26,1.3,3.25,1.3,0,2.26,7/31/22,12:00:00,7/31/22 12:00,2.08,1.95,6.666666667
1Q1,1,1,0,2,5.51,2.46,1.27,4.13,1.27,0,2.46,7/31/22,0:00:00,7/31/22 0:00,3.05,2.86,6.643356643
1Q11,1,11,0,2,4.18,2.08,1.3,3.27,1.3,0,2.08,7/31/22,0:00:00,7/31/22 0:00,2.1,1.97,6.598984772
0Q15,0,15,0,6,4.22,2.04,1.31,3.27,1.31,0,2.04,8/1/22,0:00:00,8/1/22 0:00,2.18,1.96,11.2244898
3Q1,3,1,0,2,4.1,2.07,1.27,3.18,1.27,0,2.07,7/31/22,0:00:00,7/31/22 0:00,2.03,1.91,6.282722513
0Q1,0,1,0,6,4.99,2.2,1.28,3.79,1.29,0.01,2.21,8/1/22,0:00:00,8/1/22 0:00,2.78,2.5,11.2
3Q1,3,1,0,5,4.46,2.23,1.28,3.38,1.28,0,2.23,7/31/22,18:00:00,7/31/22 18:00,2.23,2.1,6.19047619
1Q1,1,1,0,4,4.43,2.18,1.29,3.41,1.29,0,2.18,7/31/22,12:00:00,7/31/22 12:00,2.25,2.12,6.132075472
0Q11,0,11,0,6,4.28,2.06,1.29,3.29,1.32,0.03,2.09,8/1/22,0:00:00,8/1/22 0:00,2.19,1.97,11.16751269
0Q5,0,5,0,6,4.12,2.12,1.3,3.1,1.3,0,2.12,8/1/22,0:00:00,8/1/22 0:00,2,1.8,11.11111111
0Q14,0,14,5,6,4.27,2.01,1.31,3.35,1.31,0,2.01,8/1/22,0:00:00,8/1/22 0:00,2.26,2.04,10.78431373
1Q15,1,15,0,2,4.18,2.04,1.26,3.28,1.27,0.01,2.05,7/31/22,0:00:00,7/31/22 0:00,2.13,2.01,5.970149254
0Q15,0,15,0,6,4.21,2.03,1.28,3.29,1.28,0,2.03,8/1/22,0:00:00,8/1/22 0:00,2.18,2.01,8.457711443
3Q5,3,5,0,6,4.52,2.36,1.32,3.36,1.35,0.03,2.39,8/1/22,0:00:00,8/1/22 0:00,2.13,2.01,5.970149254
1Q9,1,9,0,2,4.03,2.06,1.29,3.15,1.29,0,2.06,7/31/22,0:00:00,7/31/22 0:00,1.97,1.86,5.913978495
1Q5,1,5,0,6,4.48,2.33,1.25,3.28,1.25,0,2.33,8/1/22,0:00:00,8/1/22 0:00,2.15,2.03,5.911330049
1Q15,1,15,0,7,4.83,2.65,1.33,3.39,1.34,0.01,2.66,8/1/22,6:00:00,8/1/22 6:00,2.17,2.05,5.853658537
3Q5,3,5,0,5,4.5,2.32,1.3,3.36,1.3,0,2.32,7/31/22,18:00:00,7/31/22 18:00,2.18,2.06,5.825242718
0Q9,0,9,0,6,3.86,2.15,1.31,3.31,1.32,0.01,2.16,8/1/22,0:00:00,8/1/22 0:00,1.7,1.99,-14.57286432
1Q11,1,11,0,6,4.57,2.34,1.32,3.43,1.34,0.02,2.36,8/1/22,0:00:00,8/1/22 0:00,2.21,2.09,5.741626794
0Q4,0,4,10,7,6.53,3.53,1.3,3.39,1.3,0,3.53,8/1/22,6:00:00,8/1/22 6:00,3,2.09,43.54066986
3Q15,3,15,0,5,4.16,2.09,1.33,3.29,1.33,0,2.09,7/31/22,18:00:00,7/31/22 18:00,2.07,1.96,5.612244898
1Q11,1,11,0,3,4.13,2.05,1.25,3.22,1.25,0,2.05,7/31/22,6:00:00,7/31/22 6:00,2.08,1.97,5.583756345
0Q6,0,6,5,7,4.99,2.89,1.29,3.19,1.29,0,2.89,8/1/22,6:00:00,8/1/22 6:00,2.1,1.9,10.52631579
1Q11,1,11,0,7,5.36,2.44,1.27,4.04,1.35,0.08,2.52,8/1/22,6:00:00,8/1/22 6:00,2.84,2.69,5.576208178
0Q12,0,12,10,7,4.23,2.14,1.33,3.23,1.35,0.02,2.16,8/1/22,6:00:00,8/1/22 6:00,2.07,1.88,10.10638298
3Q15,3,15,0,4,4.39,2.21,1.31,3.38,1.31,0,2.21,7/31/22,12:00:00,7/31/22 12:00,2.18,2.07,5.314009662
1Q3,1,3,10,7,3.6,2.01,1.28,2.79,1.28,0,2.01,8/1/22,6:00:00,8/1/22 6:00,1.59,1.51,5.298013245
0Q8,0,8,10,7,5.69,3.58,1.32,3.26,1.39,0.07,3.65,8/1/22,6:00:00,8/1/22 6:00,2.04,1.87,9.090909091
0Q2,0,2,5,7,4.59,2.41,1.29,3.31,1.29,0,2.41,8/1/22,6:00:00,8/1/22 6:00,2.18,2.02,7.920792079
3Q9,3,9,0,2,4.37,2.13,1.3,3.43,1.3,0,2.13,7/31/22,0:00:00,7/31/22 0:00,2.24,2.13,5.164319249
3Q3,3,3,10,7,4.14,2.1,1.27,3.21,1.27,0,2.1,8/1/22,6:00:00,8/1/22 6:00,2.04,1.94,5.154639175
3Q11,3,11,0,3,4.31,2.26,1.28,3.23,1.28,0,2.26,7/31/22,6:00:00,7/31/22 6:00,2.05,1.95,5.128205128
3Q11,3,11,0,2,4.42,2.33,1.28,3.27,1.28,0,2.33,7/31/22,0:00:00,7/31/22 0:00,2.09,1.99,5.025125628
1Q5,1,5,0,1,4.2,2.1,1.3,3.3,1.3,0,2.1,7/30/22,18:00:00,7/30/22 18:00,2.1,2,5
0Q7,0,7,5,7,4.52,2.47,1.28,3.19,1.28,0,2.47,8/1/22,6:00:00,8/1/22 6:00,2.05,1.91,7.329842932
0Q14,0,14,5,7,4.27,2.17,1.31,3.27,1.31,0,2.17,8/1/22,6:00:00,8/1/22 6:00,2.1,1.96,7.142857143
3Q9,3,9,0,6,3.99,2.09,1.3,3.11,1.3,0,2.09,8/1/22,0:00:00,8/1/22 0:00,1.9,1.81,4.972375691
3Q11,3,11,0,6,4.54,2.41,1.29,3.32,1.29,0,2.41,8/1/22,0:00:00,8/1/22 0:00,2.13,2.03,4.926108374
1Q5,1,5,0,2,4.26,2.23,1.27,3.21,1.28,0.01,2.24,7/31/22,0:00:00,7/31/22 0:00,2.02,1.93,4.663212435
1Q9,1,9,0,5,4.15,2.07,1.28,3.27,1.28,0,2.07,7/31/22,18:00:00,7/31/22 18:00,2.08,1.99,4.522613065
3Q15,3,15,0,7,4.58,2.49,1.3,3.3,1.3,0,2.49,8/1/22,6:00:00,8/1/22 6:00,2.09,2,4.5
1Q15,1,15,0,1,4.14,2.04,1.31,3.32,1.31,0,2.04,7/30/22,18:00:00,7/30/22 18:00,2.1,2.01,4.47761194
3Q5,3,5,0,2,4.56,2.4,1.27,3.34,1.28,0.01,2.41,7/31/22,0:00:00,7/31/22 0:00,2.15,2.06,4.368932039
1Q11,1,11,0,5,4.76,2.32,1.32,3.66,1.32,0,2.32,7/31/22,18:00:00,7/31/22 18:00,2.44,2.34,4.273504274
0Q10,0,10,5,7,4.19,2.14,1.29,3.21,1.29,0,2.14,8/1/22,6:00:00,8/1/22 6:00,2.05,1.92,6.770833333
0Q9,0,9,0,7,4.31,2.15,1.28,3.31,1.28,0,2.15,8/1/22,6:00:00,8/1/22 6:00,2.16,2.03,6.403940887
3Q9,3,9,0,7,4.13,2.06,1.31,3.3,1.31,0,2.06,8/1/22,6:00:00,8/1/22 6:00,2.07,1.99,4.020100503
0Q11,0,11,0,7,4.31,2.26,1.28,3.21,1.28,0,2.26,8/1/22,6:00:00,8/1/22 6:00,2.05,1.93,6.21761658
3Q1,3,1,0,1,4.07,2.03,1.27,3.24,1.27,0,2.03,7/30/22,18:00:00,7/30/22 18:00,2.04,1.97,3.553299492
3Q15,3,15,0,2,4.6,2.47,1.26,3.32,1.29,0.03,2.5,7/31/22,0:00:00,7/31/22 0:00,2.1,2.03,3.448275862
1Q15,1,15,0,6,4.36,2.21,1.32,3.4,1.33,0.01,2.22,8/1/22,0:00:00,8/1/22 0:00,2.14,2.07,3.381642512
1Q9,1,9,0,1,3.92,2,1.28,3.14,1.28,0,2,7/30/22,18:00:00,7/30/22 18:00,1.92,1.86,3.225806452
0Q13,0,13,10,7,4.45,2.37,1.28,3.24,1.28,0,2.37,8/1/22,6:00:00,8/1/22 6:00,2.08,1.96,6.12244898
1Q1,1,1,0,1,4.64,2.01,1.25,3.8,1.25,0,2.01,7/30/22,18:00:00,7/30/22 18:00,2.63,2.55,3.137254902
3Q15,3,15,0,6,4.85,2.84,1.32,3.27,1.33,0.01,2.85,8/1/22,0:00:00,8/1/22 0:00,2,1.94,3.092783505
3Q9,3,9,0,1,4.03,2.01,1.31,3.27,1.31,0,2.01,7/30/22,18:00:00,7/30/22 18:00,2.02,1.96,3.06122449
3Q5,3,5,0,1,4.23,2.11,1.33,3.39,1.37,0.04,2.15,7/30/22,18:00:00,7/30/22 18:00,2.08,2.02,2.97029703
3Q1,3,1,0,3,4.1,2.03,1.19,3.21,1.23,0.04,2.07,7/31/22,6:00:00,7/31/22 6:00,2.03,1.98,2.525252525
3Q15,3,15,0,1,4.08,2.01,1.35,3.37,1.37,0.02,2.03,7/30/22,18:00:00,7/30/22 18:00,2.05,2,2.5
3Q11,3,11,0,1,4.04,2,1.31,3.31,1.31,0,2,7/30/22,18:00:00,7/30/22 18:00,2.04,2,2
1Q11,1,11,0,1,4.2,2.08,1.33,3.41,1.33,0,2.08,7/30/22,18:00:00,7/30/22 18:00,2.12,2.08,1.923076923
0Q5,0,5,0,7,4.7,2.07,1.25,3.74,1.25,0,2.07,8/1/22,6:00:00,8/1/22 6:00,2.63,2.49,5.62248996
1Q15,1,15,0,3,4.34,2.35,1.19,3.19,1.29,0.1,2.45,7/31/22,6:00:00,7/31/22 6:00,1.89,1.9,-0.526315789
3Q1,3,1,0,6,4.07,2,1.28,3.44,1.28,0,2,8/1/22,0:00:00,8/1/22 0:00,2.07,2.16,-4.166666667
0Q3,0,3,10,7,4.35,2.08,1.26,3.41,1.26,0,2.08,8/1/22,6:00:00,8/1/22 6:00,2.27,2.15,5.581395349
0Q1,0,1,0,7,4.57,2.79,1.29,2.98,1.29,0,2.79,8/1/22,6:00:00,8/1/22 6:00,1.78,1.69,5.325443787
0Q15,0,15,0,7,4.31,2.21,1.29,3.29,1.29,0,2.21,8/1/22,6:00:00,8/1/22 6:00,2.1,2,5
3Q11,3,11,0,5,2.2,4.33,1.29,3.33,1.3,0.01,4.34,7/31/22,18:00:00,7/31/22 18:00,-2.14,2.03,-205.4187192
1Q5,1,5,0,5,4.43,2.35,1.28,3.21,3.23,1.95,4.3,7/31/22,18:00:00,7/31/22 18:00,0.13,-0.02,-750